"district","indicator","gender","Unit","Date","Value"
"Akola","Field Labour","Male","","1973M7",2
"Akola","Field Labour","Male","","1973M8",2.25
"Akola","Field Labour","Male","","1973M9",2.25
"Akola","Field Labour","Male","","1973M10",2.25
"Akola","Field Labour","Male","","1973M11",2.5
"Akola","Field Labour","Male","","1973M12",2
"Akola","Field Labour","Male","","1974M1",2.5
"Akola","Field Labour","Male","","1974M3",2
"Akola","Field Labour","Male","","1974M4",2
"Akola","Field Labour","Male","","1974M5",2.5
"Akola","Field Labour","Male","","1974M6",2.5
"Akola","Field Labour","Male","","1974M7",2.5
"Akola","Field Labour","Male","","1974M8",2.5
"Akola","Field Labour","Male","","1974M9",2.5
"Akola","Field Labour","Male","","1974M10",2.5
"Akola","Field Labour","Male","","1974M11",2.5
"Akola","Field Labour","Male","","1974M12",3
"Akola","Field Labour","Male","","1975M1",2.5
"Akola","Field Labour","Male","","1975M2",2
"Akola","Field Labour","Male","","1975M3",2
"Akola","Field Labour","Male","","1975M4",2
"Akola","Field Labour","Male","","1975M5",2
"Akola","Field Labour","Male","","1975M8",3
"Akola","Field Labour","Male","","1975M9",3
"Akola","Field Labour","Male","","1975M10",3.5
"Akola","Field Labour","Male","","1976M4",3
"Akola","Field Labour","Male","","1976M5",3
"Akola","Field Labour","Male","","1976M6",3
"Akola","Field Labour","Male","","1976M7",3
"Akola","Field Labour","Male","","1976M8",3
"Akola","Field Labour","Male","","1976M9",3
"Akola","Field Labour","Male","","1976M10",3
"Akola","Field Labour","Male","","1976M11",3
"Akola","Field Labour","Male","","1976M12",3
"Akola","Field Labour","Male","","1977M3",3
"Akola","Field Labour","Male","","1977M4",3
"Akola","Field Labour","Male","","1977M6",3
"Akola","Field Labour","Male","","1977M7",3
"Akola","Field Labour","Male","","1977M8",3
"Akola","Field Labour","Male","","1977M9",3
"Akola","Field Labour","Male","","1977M10",3
"Akola","Field Labour","Male","","1977M11",3
"Akola","Field Labour","Male","","1977M12",3
"Akola","Field Labour","Male","","1978M2",3
"Akola","Field Labour","Male","","1978M7",3
"Akola","Field Labour","Male","","1978M8",3
"Akola","Field Labour","Male","","1978M9",3
"Akola","Field Labour","Male","","1978M10",3
"Akola","Field Labour","Male","","1978M11",3
"Akola","Field Labour","Male","","1978M12",4
"Akola","Field Labour","Male","","1979M1",4
"Akola","Field Labour","Male","","1979M3",4
"Akola","Field Labour","Male","","1979M5",4
"Akola","Field Labour","Male","","1979M6",4
"Akola","Field Labour","Male","","1979M7",4
"Akola","Field Labour","Male","","1979M8",4
"Akola","Field Labour","Male","","1979M11",4
"Akola","Field Labour","Male","","1979M12",4
"Akola","Field Labour","Male","","1980M1",5
"Akola","Field Labour","Male","","1980M4",4
"Akola","Field Labour","Male","","1980M7",4
"Akola","Field Labour","Male","","1980M8",4
"Akola","Field Labour","Male","","1980M9",4
"Akola","Field Labour","Male","","1980M10",4.5
"Akola","Field Labour","Male","","1980M11",4
"Akola","Field Labour","Male","","1982M1",5.5
"Akola","Field Labour","Male","","1982M7",5
"Akola","Field Labour","Male","","1982M8",6
"Akola","Field Labour","Male","","1982M10",6
"Akola","Field Labour","Male","","1982M11",6
"Akola","Field Labour","Male","","1983M1",6
"Akola","Field Labour","Male","","1983M2",6
"Akola","Field Labour","Male","","1983M5",6
"Akola","Field Labour","Male","","1983M6",6
"Akola","Field Labour","Male","","1983M7",6
"Akola","Field Labour","Male","","1983M8",6
"Akola","Field Labour","Male","","1983M9",10
"Akola","Field Labour","Male","","1983M10",10
"Akola","Field Labour","Male","","1983M11",10
"Akola","Field Labour","Male","","1983M12",10
"Akola","Field Labour","Male","","1984M1",10
"Akola","Field Labour","Male","","1984M2",10
"Akola","Field Labour","Male","","1984M3",10
"Akola","Field Labour","Male","","1984M4",10
"Akola","Field Labour","Male","","1984M5",10
"Akola","Field Labour","Male","","1984M6",10
"Akola","Field Labour","Male","","1984M7",10
"Akola","Field Labour","Male","","1984M8",10
"Akola","Field Labour","Male","","1984M9",10
"Akola","Field Labour","Male","","1984M10",10
"Akola","Field Labour","Male","","1984M11",10
"Akola","Field Labour","Male","","1985M3",8
"Akola","Field Labour","Male","","1985M4",8
"Akola","Field Labour","Male","","1985M6",8
"Akola","Field Labour","Male","","1985M7",8
"Akola","Field Labour","Male","","1985M8",8
"Akola","Field Labour","Male","","1985M9",8
"Akola","Field Labour","Male","","1985M10",8
"Akola","Field Labour","Male","","1985M11",8
"Akola","Field Labour","Male","","1985M12",8
"Akola","Field Labour","Male","","1986M1",8
"Akola","Field Labour","Male","","1986M2",8
"Akola","Field Labour","Male","","1986M3",8
"Akola","Field Labour","Male","","1986M4",8
"Akola","Field Labour","Male","","1990M7",15
"Akola","Field Labour","Male","","1990M8",15
"Akola","Field Labour","Male","","1990M9",15
"Akola","Field Labour","Male","","1990M10",15
"Akola","Field Labour","Male","","1990M11",15
"Akola","Field Labour","Male","","1990M12",15
"Akola","Field Labour","Male","","1991M1",12
"Akola","Field Labour","Male","","1991M2",12
"Akola","Field Labour","Male","","1991M3",12
"Akola","Field Labour","Male","","1991M4",20
"Akola","Field Labour","Male","","1991M5",20
"Akola","Field Labour","Male","","1991M6",20
"Akola","Field Labour","Male","","1991M7",20
"Akola","Field Labour","Male","","1991M8",15
"Akola","Field Labour","Male","","1991M10",15
"Akola","Field Labour","Male","","1991M11",20
"Akola","Field Labour","Male","","1991M12",20
"Akola","Field Labour","Male","","1992M1",20
"Akola","Field Labour","Male","","1992M2",20
"Akola","Field Labour","Male","","1992M5",25
"Akola","Field Labour","Male","","1992M6",20
"Akola","Field Labour","Male","","1992M8",20
"Akola","Field Labour","Male","","1992M9",30
"Akola","Field Labour","Male","","1992M10",25
"Akola","Field Labour","Male","","1992M11",22
"Akola","Field Labour","Male","","1992M12",25
"Akola","Field Labour","Male","","1993M1",25
"Akola","Field Labour","Male","","1993M2",25
"Akola","Field Labour","Male","","1993M3",20
"Akola","Field Labour","Male","","1993M4",20
"Akola","Field Labour","Male","","1993M5",20
"Akola","Field Labour","Male","","1993M6",25
"Akola","Field Labour","Male","","1993M7",25
"Akola","Field Labour","Male","","1993M8",25
"Akola","Field Labour","Male","","1993M9",30
"Akola","Field Labour","Male","","1993M10",30
"Akola","Field Labour","Male","","1993M11",30
"Akola","Field Labour","Male","","1993M12",30
"Akola","Field Labour","Male","","1994M1",30
"Akola","Field Labour","Male","","1994M2",30
"Akola","Field Labour","Male","","1994M3",30
"Akola","Field Labour","Male","","1994M4",25
"Akola","Field Labour","Male","","1994M5",25
"Akola","Field Labour","Male","","1994M6",25
"Akola","Field Labour","Male","","1994M7",30
"Akola","Field Labour","Male","","1994M8",20
"Akola","Field Labour","Male","","1994M9",20
"Akola","Field Labour","Male","","1994M10",20
"Akola","Field Labour","Male","","1994M11",20
"Akola","Field Labour","Male","","1994M12",25
"Akola","Field Labour","Male","","1995M1",25
"Akola","Field Labour","Male","","1995M3",25
"Akola","Field Labour","Male","","1995M4",25
"Akola","Field Labour","Male","","1995M5",25
"Akola","Field Labour","Female","","1973M7",1
"Akola","Field Labour","Female","","1973M8",1.13
"Akola","Field Labour","Female","","1973M9",1.15
"Akola","Field Labour","Female","","1973M10",1.12
"Akola","Field Labour","Female","","1973M11",1.25
"Akola","Field Labour","Female","","1973M12",1
"Akola","Field Labour","Female","","1974M1",1.25
"Akola","Field Labour","Female","","1974M3",1
"Akola","Field Labour","Female","","1974M4",1
"Akola","Field Labour","Female","","1974M5",1.5
"Akola","Field Labour","Female","","1974M6",1.25
"Akola","Field Labour","Female","","1974M7",1.75
"Akola","Field Labour","Female","","1974M8",1.25
"Akola","Field Labour","Female","","1974M9",1.25
"Akola","Field Labour","Female","","1974M10",1.25
"Akola","Field Labour","Female","","1974M11",1.25
"Akola","Field Labour","Female","","1974M12",1.75
"Akola","Field Labour","Female","","1975M1",1.5
"Akola","Field Labour","Female","","1975M2",1.25
"Akola","Field Labour","Female","","1975M3",1
"Akola","Field Labour","Female","","1975M4",1
"Akola","Field Labour","Female","","1975M5",1
"Akola","Field Labour","Female","","1975M8",1.5
"Akola","Field Labour","Female","","1975M9",2
"Akola","Field Labour","Female","","1975M10",2.5
"Akola","Field Labour","Female","","1976M4",2
"Akola","Field Labour","Female","","1976M5",2
"Akola","Field Labour","Female","","1976M6",2
"Akola","Field Labour","Female","","1976M7",2
"Akola","Field Labour","Female","","1976M8",2
"Akola","Field Labour","Female","","1976M9",2.5
"Akola","Field Labour","Female","","1976M10",2.5
"Akola","Field Labour","Female","","1976M11",2.5
"Akola","Field Labour","Female","","1976M12",2.5
"Akola","Field Labour","Female","","1977M3",2.5
"Akola","Field Labour","Female","","1977M4",2
"Akola","Field Labour","Female","","1977M6",2.5
"Akola","Field Labour","Female","","1977M7",2.5
"Akola","Field Labour","Female","","1977M8",2
"Akola","Field Labour","Female","","1977M9",2
"Akola","Field Labour","Female","","1977M10",2
"Akola","Field Labour","Female","","1977M11",2
"Akola","Field Labour","Female","","1977M12",2
"Akola","Field Labour","Female","","1978M2",2
"Akola","Field Labour","Female","","1978M7",2
"Akola","Field Labour","Female","","1978M8",2
"Akola","Field Labour","Female","","1978M9",2
"Akola","Field Labour","Female","","1978M10",2
"Akola","Field Labour","Female","","1978M11",2.5
"Akola","Field Labour","Female","","1978M12",2.5
"Akola","Field Labour","Female","","1979M1",2.5
"Akola","Field Labour","Female","","1979M3",3
"Akola","Field Labour","Female","","1979M5",3
"Akola","Field Labour","Female","","1979M6",3
"Akola","Field Labour","Female","","1979M7",3
"Akola","Field Labour","Female","","1979M8",3
"Akola","Field Labour","Female","","1979M11",3
"Akola","Field Labour","Female","","1979M12",3
"Akola","Field Labour","Female","","1980M1",3
"Akola","Field Labour","Female","","1980M4",3
"Akola","Field Labour","Female","","1980M7",3.5
"Akola","Field Labour","Female","","1980M8",3.5
"Akola","Field Labour","Female","","1980M9",3.5
"Akola","Field Labour","Female","","1980M10",3
"Akola","Field Labour","Female","","1980M11",3.5
"Akola","Field Labour","Female","","1982M1",4
"Akola","Field Labour","Female","","1982M7",3
"Akola","Field Labour","Female","","1982M8",3
"Akola","Field Labour","Female","","1982M10",3
"Akola","Field Labour","Female","","1982M11",3
"Akola","Field Labour","Female","","1983M1",3
"Akola","Field Labour","Female","","1983M2",3
"Akola","Field Labour","Female","","1983M5",4
"Akola","Field Labour","Female","","1983M6",4
"Akola","Field Labour","Female","","1983M7",4
"Akola","Field Labour","Female","","1983M8",4
"Akola","Field Labour","Female","","1983M9",6
"Akola","Field Labour","Female","","1983M10",6
"Akola","Field Labour","Female","","1983M11",6
"Akola","Field Labour","Female","","1983M12",8
"Akola","Field Labour","Female","","1984M1",8
"Akola","Field Labour","Female","","1984M2",8
"Akola","Field Labour","Female","","1984M3",8
"Akola","Field Labour","Female","","1984M4",8
"Akola","Field Labour","Female","","1984M5",8
"Akola","Field Labour","Female","","1984M6",8
"Akola","Field Labour","Female","","1984M7",6
"Akola","Field Labour","Female","","1984M8",6
"Akola","Field Labour","Female","","1984M9",6
"Akola","Field Labour","Female","","1984M10",6
"Akola","Field Labour","Female","","1984M11",6
"Akola","Field Labour","Female","","1985M3",6
"Akola","Field Labour","Female","","1985M4",7
"Akola","Field Labour","Female","","1985M6",7
"Akola","Field Labour","Female","","1985M7",7
"Akola","Field Labour","Female","","1985M8",7
"Akola","Field Labour","Female","","1985M9",7
"Akola","Field Labour","Female","","1985M10",7
"Akola","Field Labour","Female","","1985M11",7
"Akola","Field Labour","Female","","1985M12",7
"Akola","Field Labour","Female","","1986M1",7
"Akola","Field Labour","Female","","1986M2",7
"Akola","Field Labour","Female","","1986M3",7
"Akola","Field Labour","Female","","1986M4",7
"Akola","Field Labour","Female","","1990M7",12
"Akola","Field Labour","Female","","1990M8",12
"Akola","Field Labour","Female","","1990M9",12
"Akola","Field Labour","Female","","1990M10",12
"Akola","Field Labour","Female","","1990M11",12
"Akola","Field Labour","Female","","1990M12",12
"Akola","Field Labour","Female","","1991M1",12
"Akola","Field Labour","Female","","1991M2",12
"Akola","Field Labour","Female","","1991M3",12
"Akola","Field Labour","Female","","1991M4",12
"Akola","Field Labour","Female","","1991M5",12
"Akola","Field Labour","Female","","1991M6",15
"Akola","Field Labour","Female","","1991M7",15
"Akola","Field Labour","Female","","1991M8",10
"Akola","Field Labour","Female","","1991M10",12
"Akola","Field Labour","Female","","1991M11",15
"Akola","Field Labour","Female","","1991M12",15
"Akola","Field Labour","Female","","1992M1",20
"Akola","Field Labour","Female","","1992M2",20
"Akola","Field Labour","Female","","1992M5",25
"Akola","Field Labour","Female","","1992M6",25
"Akola","Field Labour","Female","","1992M8",20
"Akola","Field Labour","Female","","1992M9",30
"Akola","Field Labour","Female","","1992M10",20
"Akola","Field Labour","Female","","1992M11",15
"Akola","Field Labour","Female","","1992M12",15
"Akola","Field Labour","Female","","1993M1",20
"Akola","Field Labour","Female","","1993M2",15
"Akola","Field Labour","Female","","1993M3",15
"Akola","Field Labour","Female","","1993M4",15
"Akola","Field Labour","Female","","1993M5",15
"Akola","Field Labour","Female","","1993M6",15
"Akola","Field Labour","Female","","1994M7",25
"Akola","Field Labour","Female","","1994M8",15
"Akola","Field Labour","Female","","1994M9",15
"Akola","Field Labour","Female","","1994M10",15
"Akola","Field Labour","Female","","1994M11",15
"Akola","Field Labour","Female","","1994M12",15
"Akola","Field Labour","Female","","1995M1",15
"Akola","Field Labour","Female","","1995M3",15
"Akola","Field Labour","Female","","1995M4",20
"Akola","Field Labour","Female","","1995M5",20
"Akola","Carpenter","Male","","1973M7",3
"Akola","Carpenter","Male","","1973M8",3
"Akola","Carpenter","Male","","1973M9",3
"Akola","Carpenter","Male","","1973M10",3
"Akola","Carpenter","Male","","1973M11",3
"Akola","Carpenter","Male","","1973M12",3
"Akola","Carpenter","Male","","1974M1",3
"Akola","Carpenter","Male","","1974M3",3
"Akola","Carpenter","Male","","1974M4",3
"Akola","Carpenter","Male","","1974M5",3
"Akola","Carpenter","Male","","1974M6",3
"Akola","Carpenter","Male","","1974M7",3
"Akola","Carpenter","Male","","1974M8",3
"Akola","Carpenter","Male","","1974M9",3
"Akola","Carpenter","Male","","1974M10",3
"Akola","Carpenter","Male","","1974M11",3
"Akola","Carpenter","Male","","1974M12",3
"Akola","Carpenter","Male","","1975M1",4
"Akola","Carpenter","Male","","1975M2",4
"Akola","Carpenter","Male","","1975M3",4
"Akola","Carpenter","Male","","1975M4",4
"Akola","Carpenter","Male","","1975M5",4
"Akola","Carpenter","Male","","1975M8",6
"Akola","Carpenter","Male","","1975M9",6
"Akola","Carpenter","Male","","1975M10",6
"Akola","Carpenter","Male","","1976M4",6
"Akola","Carpenter","Male","","1976M5",6
"Akola","Carpenter","Male","","1976M6",7
"Akola","Carpenter","Male","","1976M7",7
"Akola","Carpenter","Male","","1976M8",7
"Akola","Carpenter","Male","","1976M9",7
"Akola","Carpenter","Male","","1976M10",7
"Akola","Carpenter","Male","","1976M11",7
"Akola","Carpenter","Male","","1976M12",7
"Akola","Carpenter","Male","","1977M3",7
"Akola","Carpenter","Male","","1977M4",7
"Akola","Carpenter","Male","","1977M6",7
"Akola","Carpenter","Male","","1977M7",7
"Akola","Carpenter","Male","","1977M8",7
"Akola","Carpenter","Male","","1977M9",7
"Akola","Carpenter","Male","","1977M10",7
"Akola","Carpenter","Male","","1977M11",7
"Akola","Carpenter","Male","","1977M12",7
"Akola","Carpenter","Male","","1978M2",7
"Akola","Carpenter","Male","","1978M7",7
"Akola","Carpenter","Male","","1978M8",7
"Akola","Carpenter","Male","","1978M9",7
"Akola","Carpenter","Male","","1978M10",7
"Akola","Carpenter","Male","","1978M11",7
"Akola","Carpenter","Male","","1978M12",7
"Akola","Carpenter","Male","","1979M1",7
"Akola","Carpenter","Male","","1979M3",8
"Akola","Carpenter","Male","","1979M5",8
"Akola","Carpenter","Male","","1979M6",8
"Akola","Carpenter","Male","","1979M7",8
"Akola","Carpenter","Male","","1979M8",8
"Akola","Carpenter","Male","","1979M11",8
"Akola","Carpenter","Male","","1979M12",8
"Akola","Carpenter","Male","","1980M1",8
"Akola","Carpenter","Male","","1980M4",8
"Akola","Carpenter","Male","","1982M1",15
"Akola","Carpenter","Male","","1982M7",12
"Akola","Carpenter","Male","","1982M10",12
"Akola","Carpenter","Male","","1982M11",12
"Akola","Carpenter","Male","","1983M1",12
"Akola","Carpenter","Male","","1983M5",12
"Akola","Carpenter","Male","","1983M6",12
"Akola","Carpenter","Male","","1983M7",18
"Akola","Carpenter","Male","","1983M8",18
"Akola","Carpenter","Male","","1983M9",18
"Akola","Carpenter","Male","","1983M10",18
"Akola","Carpenter","Male","","1983M11",18
"Akola","Carpenter","Male","","1984M1",12
"Akola","Carpenter","Male","","1984M2",12
"Akola","Carpenter","Male","","1984M3",12
"Akola","Carpenter","Male","","1984M4",12
"Akola","Carpenter","Male","","1984M5",12
"Akola","Carpenter","Male","","1984M6",12
"Akola","Carpenter","Male","","1984M7",12
"Akola","Carpenter","Male","","1984M8",12
"Akola","Carpenter","Male","","1984M9",12
"Akola","Carpenter","Male","","1984M10",12
"Akola","Carpenter","Male","","1984M11",12
"Akola","Carpenter","Male","","1985M3",20
"Akola","Carpenter","Male","","1985M4",20
"Akola","Carpenter","Male","","1985M6",20
"Akola","Carpenter","Male","","1985M7",20
"Akola","Carpenter","Male","","1985M8",20
"Akola","Carpenter","Male","","1985M9",20
"Akola","Carpenter","Male","","1985M10",20
"Akola","Carpenter","Male","","1985M11",20
"Akola","Carpenter","Male","","1985M12",20
"Akola","Carpenter","Male","","1986M1",20
"Akola","Carpenter","Male","","1986M2",20
"Akola","Carpenter","Male","","1986M3",20
"Akola","Carpenter","Male","","1986M4",20
"Akola","Carpenter","Male","","1990M7",25
"Akola","Carpenter","Male","","1990M8",25
"Akola","Carpenter","Male","","1990M9",25
"Akola","Carpenter","Male","","1990M10",25
"Akola","Carpenter","Male","","1990M11",25
"Akola","Carpenter","Male","","1990M12",25
"Akola","Carpenter","Male","","1991M1",35
"Akola","Carpenter","Male","","1991M2",35
"Akola","Carpenter","Male","","1991M3",35
"Akola","Carpenter","Male","","1991M4",35
"Akola","Carpenter","Male","","1991M5",35
"Akola","Carpenter","Male","","1991M6",40
"Akola","Carpenter","Male","","1991M7",40
"Akola","Carpenter","Male","","1991M8",40
"Akola","Carpenter","Male","","1991M10",40
"Akola","Carpenter","Male","","1991M11",35
"Akola","Carpenter","Male","","1991M12",40
"Akola","Carpenter","Male","","1992M1",40
"Akola","Carpenter","Male","","1992M2",40
"Akola","Carpenter","Male","","1992M5",30
"Akola","Carpenter","Male","","1992M6",35
"Akola","Carpenter","Male","","1992M8",50
"Akola","Carpenter","Male","","1992M9",34
"Akola","Carpenter","Male","","1992M10",35
"Akola","Carpenter","Male","","1992M11",40
"Akola","Carpenter","Male","","1992M12",40
"Akola","Carpenter","Male","","1993M1",35
"Akola","Carpenter","Male","","1993M2",35
"Akola","Carpenter","Male","","1993M3",30
"Akola","Carpenter","Male","","1993M4",35
"Akola","Carpenter","Male","","1993M5",35
"Akola","Carpenter","Male","","1993M6",35
"Akola","Carpenter","Male","","1993M7",35
"Akola","Carpenter","Male","","1993M8",25
"Akola","Carpenter","Male","","1993M9",40
"Akola","Carpenter","Male","","1993M10",40
"Akola","Carpenter","Male","","1993M11",40
"Akola","Carpenter","Male","","1993M12",40
"Akola","Carpenter","Male","","1994M1",40
"Akola","Carpenter","Male","","1994M2",45
"Akola","Carpenter","Male","","1994M3",45
"Akola","Carpenter","Male","","1994M4",40
"Akola","Carpenter","Male","","1994M5",40
"Akola","Carpenter","Male","","1994M6",40
"Akola","Carpenter","Male","","1994M7",45
"Akola","Carpenter","Male","","1994M8",40
"Akola","Carpenter","Male","","1994M9",40
"Akola","Carpenter","Male","","1994M10",40
"Akola","Carpenter","Male","","1994M11",40
"Akola","Carpenter","Male","","1994M12",30
"Akola","Carpenter","Male","","1995M1",40
"Akola","Carpenter","Male","","1995M3",30
"Akola","Carpenter","Male","","1995M4",35
"Satara","Field Labour","Male","","1977M7",5
"Satara","Field Labour","Male","","1980M2",6
"Satara","Field Labour","Male","","1980M3",6
"Satara","Field Labour","Male","","1980M4",6
"Satara","Field Labour","Male","","1980M5",6
"Satara","Field Labour","Male","","1990M7",15
"Satara","Field Labour","Male","","1990M8",15
"Satara","Field Labour","Male","","1990M9",15
"Satara","Field Labour","Male","","1990M10",15
"Satara","Field Labour","Male","","1990M11",15
"Satara","Field Labour","Male","","1990M12",15
"Satara","Field Labour","Male","","1991M6",20
"Satara","Field Labour","Male","","1991M7",20
"Satara","Field Labour","Male","","1991M8",20
"Satara","Field Labour","Male","","1991M9",20
"Satara","Field Labour","Male","","1991M10",20
"Satara","Field Labour","Male","","1991M11",20
"Satara","Field Labour","Male","","1991M12",20
"Satara","Field Labour","Male","","1992M2",20
"Satara","Field Labour","Male","","1992M3",20
"Satara","Field Labour","Male","","1992M4",20
"Satara","Field Labour","Male","","1992M5",20
"Satara","Field Labour","Male","","1992M6",20
"Satara","Field Labour","Male","","1992M7",20
"Satara","Field Labour","Male","","1992M8",20
"Satara","Field Labour","Male","","1992M9",20
"Satara","Field Labour","Male","","1992M10",20
"Satara","Field Labour","Male","","1992M11",20
"Satara","Field Labour","Male","","1992M12",20
"Satara","Field Labour","Male","","1993M1",12
"Satara","Field Labour","Male","","1993M2",12
"Satara","Field Labour","Male","","1993M3",12
"Satara","Field Labour","Male","","1993M4",25
"Satara","Field Labour","Male","","1993M5",20
"Satara","Field Labour","Male","","1993M6",20
"Satara","Field Labour","Male","","1993M7",20
"Satara","Field Labour","Male","","1993M8",20
"Satara","Field Labour","Male","","1993M10",20
"Satara","Field Labour","Male","","1993M11",20
"Satara","Field Labour","Male","","1994M1",20
"Satara","Field Labour","Male","","1994M2",20
"Satara","Field Labour","Male","","1994M3",20
"Satara","Field Labour","Male","","1994M4",20
"Satara","Field Labour","Male","","1994M5",20
"Satara","Field Labour","Male","","1994M6",20
"Satara","Field Labour","Male","","1994M7",20
"Satara","Field Labour","Male","","1994M8",20
"Satara","Field Labour","Male","","1994M9",20
"Satara","Field Labour","Male","","1994M10",20
"Satara","Field Labour","Male","","1994M11",20
"Satara","Field Labour","Male","","1994M12",20
"Satara","Field Labour","Male","","1995M1",20
"Satara","Field Labour","Male","","1995M2",20
"Satara","Field Labour","Male","","1995M4",20
"Satara","Field Labour","Male","","1995M5",20
"Satara","Carpenter","Male","","1977M6",6
"Satara","Carpenter","Male","","1977M7",10
"Satara","Carpenter","Male","","1980M2",14
"Satara","Carpenter","Male","","1980M3",15
"Satara","Carpenter","Male","","1980M4",15
"Satara","Carpenter","Male","","1980M5",15
"Satara","Carpenter","Male","","1990M7",35
"Satara","Carpenter","Male","","1990M8",35
"Satara","Carpenter","Male","","1990M9",35
"Satara","Carpenter","Male","","1990M10",35
"Satara","Carpenter","Male","","1990M11",35
"Satara","Carpenter","Male","","1990M12",35
"Satara","Carpenter","Male","","1992M6",50
"Satara","Carpenter","Male","","1992M7",50
"Satara","Carpenter","Male","","1992M8",50
"Satara","Carpenter","Male","","1992M9",50
"Satara","Carpenter","Male","","1992M10",50
"Satara","Carpenter","Male","","1992M11",50
"Satara","Carpenter","Male","","1992M12",50
"Satara","Carpenter","Male","","1993M1",50
"Satara","Carpenter","Male","","1993M2",50
"Satara","Carpenter","Male","","1993M3",50
"Satara","Carpenter","Male","","1993M4",50
"Satara","Carpenter","Male","","1993M5",50
"Satara","Carpenter","Male","","1993M6",50
"Satara","Carpenter","Male","","1993M7",50
"Satara","Carpenter","Male","","1993M8",50
"Satara","Carpenter","Male","","1993M10",50
"Satara","Carpenter","Male","","1993M11",50
"Satara","Carpenter","Male","","1994M1",50
"Satara","Carpenter","Male","","1994M2",50
"Satara","Carpenter","Male","","1994M3",50
"Satara","Carpenter","Male","","1994M4",50
"Satara","Carpenter","Male","","1994M5",50
"Satara","Carpenter","Male","","1994M6",50
"Satara","Carpenter","Male","","1994M7",50
"Satara","Carpenter","Male","","1994M8",50
"Satara","Carpenter","Male","","1994M10",60
"Satara","Carpenter","Male","","1994M11",60
"Yavatmal","Field Labour","Male","","1975M8",3
"Yavatmal","Field Labour","Male","","1975M9",3
"Yavatmal","Field Labour","Male","","1976M4",3
"Yavatmal","Field Labour","Male","","1976M8",3.5
"Yavatmal","Field Labour","Male","","1976M10",3.5
"Yavatmal","Field Labour","Male","","1977M7",4
"Yavatmal","Field Labour","Male","","1982M6",6
"Yavatmal","Carpenter","Male","","1975M7",8
"Yavatmal","Carpenter","Male","","1976M1",7.5
"Yavatmal","Carpenter","Male","","1976M7",8
"Yavatmal","Carpenter","Male","","1977M7",10
"Yavatmal","Carpenter","Male","","1982M1",14
"buldhana","Field Labour","Male","","1978M7",5.5
"buldhana","Field Labour","Male","","1978M8",5
"buldhana","Field Labour","Male","","1978M9",5
"buldhana","Field Labour","Male","","1979M10",5.5
"buldhana","Field Labour","Male","","1990M1",10
"buldhana","Field Labour","Male","","1990M2",10
"buldhana","Field Labour","Male","","1990M3",10
"buldhana","Field Labour","Male","","1990M4",10
"buldhana","Field Labour","Male","","1990M5",10
"buldhana","Field Labour","Male","","1990M6",10
"buldhana","Field Labour","Male","","1990M7",10
"buldhana","Field Labour","Male","","1990M8",10
"buldhana","Field Labour","Male","","1990M11",10
"buldhana","Field Labour","Male","","1990M12",10
"buldhana","Field Labour","Male","","1991M1",12
"buldhana","Field Labour","Male","","1991M2",12
"buldhana","Field Labour","Male","","1991M3",12
"buldhana","Field Labour","Male","","1991M9",12
"buldhana","Field Labour","Male","","1991M10",12
"buldhana","Field Labour","Male","","1992M3",15
"buldhana","Field Labour","Male","","1992M5",12
"buldhana","Field Labour","Male","","1992M11",12
"buldhana","Field Labour","Male","","1992M12",12
"buldhana","Field Labour","Male","","1993M2",20
"buldhana","Field Labour","Male","","1993M3",20
"buldhana","Field Labour","Male","","1993M4",20
"buldhana","Field Labour","Male","","1993M5",20
"buldhana","Field Labour","Male","","1993M6",20
"buldhana","Field Labour","Male","","1993M7",25
"buldhana","Field Labour","Male","","1993M8",30
"buldhana","Field Labour","Male","","1993M9",30
"buldhana","Field Labour","Male","","1993M10",30
"buldhana","Field Labour","Male","","1993M11",30
"buldhana","Field Labour","Male","","1993M12",30
"buldhana","Field Labour","Male","","1994M1",30
"buldhana","Field Labour","Male","","1994M2",30
"buldhana","Field Labour","Male","","1994M4",30
"buldhana","Field Labour","Male","","1994M5",30
"buldhana","Field Labour","Male","","1994M6",30
"buldhana","Field Labour","Male","","1994M7",30
"buldhana","Field Labour","Male","","1994M8",30
"buldhana","Field Labour","Male","","1994M9",30
"buldhana","Field Labour","Male","","1994M10",35
"buldhana","Field Labour","Male","","1994M11",35
"buldhana","Field Labour","Male","","1994M12",20
"buldhana","Field Labour","Male","","1995M2",20
"buldhana","Field Labour","Male","","1995M4",20
"buldhana","Field Labour","Female","","1978M7",3
"buldhana","Field Labour","Female","","1978M8",3
"buldhana","Field Labour","Female","","1978M9",3
"buldhana","Field Labour","Female","","1979M10",4
"buldhana","Field Labour","Female","","1990M1",8
"buldhana","Field Labour","Female","","1990M2",8
"buldhana","Field Labour","Female","","1990M3",8
"buldhana","Field Labour","Female","","1990M4",8
"buldhana","Field Labour","Female","","1990M5",8
"buldhana","Field Labour","Female","","1990M6",8
"buldhana","Field Labour","Female","","1991M9",9
"buldhana","Field Labour","Female","","1991M10",9
"buldhana","Field Labour","Female","","1992M3",12
"buldhana","Field Labour","Female","","1992M5",9
"buldhana","Field Labour","Female","","1993M7",15
"buldhana","Field Labour","Female","","1993M8",20
"buldhana","Field Labour","Female","","1993M9",20
"buldhana","Field Labour","Female","","1993M10",20
"buldhana","Field Labour","Female","","1993M11",20
"buldhana","Field Labour","Female","","1993M12",20
"buldhana","Field Labour","Female","","1994M1",20
"buldhana","Field Labour","Female","","1994M2",20
"buldhana","Field Labour","Female","","1994M4",20
"buldhana","Field Labour","Female","","1994M5",20
"buldhana","Field Labour","Female","","1994M6",20
"buldhana","Field Labour","Female","","1994M7",25
"buldhana","Field Labour","Female","","1994M8",25
"buldhana","Field Labour","Female","","1994M9",25
"buldhana","Field Labour","Female","","1994M10",20
"buldhana","Field Labour","Female","","1994M11",20
"buldhana","Field Labour","Female","","1994M12",15
"buldhana","Field Labour","Female","","1995M2",15
"buldhana","Field Labour","Female","","1995M4",15
"Dhule","Field Labour","Male","","1973M10",3
"Dhule","Field Labour","Male","","1973M11",3
"Dhule","Field Labour","Male","","1973M12",3
"Dhule","Field Labour","Male","","1974M1",3
"Dhule","Field Labour","Male","","1974M2",3
"Dhule","Field Labour","Male","","1974M3",3
"Dhule","Field Labour","Male","","1974M4",3
"Dhule","Field Labour","Male","","1974M11",4
"Dhule","Field Labour","Male","","1974M12",4
"Dhule","Field Labour","Male","","1975M1",4
"Dhule","Field Labour","Male","","1975M2",4
"Dhule","Field Labour","Male","","1978M1",4.5
"Dhule","Field Labour","Male","","1978M2",4.5
"Dhule","Field Labour","Male","","1978M4",4
"Dhule","Field Labour","Male","","1978M5",4
"Dhule","Field Labour","Male","","1978M6",4
"Dhule","Field Labour","Male","","1978M9",4
"Dhule","Field Labour","Male","","1978M10",4
"Dhule","Field Labour","Male","","1979M1",5
"Dhule","Field Labour","Male","","1979M2",5
"Dhule","Field Labour","Male","","1979M3",5
"Dhule","Field Labour","Male","","1979M4",5
"Dhule","Field Labour","Male","","1979M6",5
"Dhule","Field Labour","Male","","1982M6",4
"Dhule","Field Labour","Male","","1984M8",10
"Dhule","Field Labour","Male","","1984M9",10
"Dhule","Field Labour","Male","","1984M10",10
"Dhule","Field Labour","Male","","1984M11",10
"Dhule","Field Labour","Male","","1984M12",10
"Dhule","Field Labour","Male","","1985M4",10
"Dhule","Field Labour","Male","","1985M5",10
"Dhule","Field Labour","Male","","1985M6",10
"Dhule","Field Labour","Male","","1985M7",10
"Dhule","Field Labour","Male","","1985M8",10
"Dhule","Field Labour","Male","","1985M10",10
"Dhule","Field Labour","Male","","1985M11",10
"Dhule","Field Labour","Male","","1985M12",10
"Ratnagiri","Field Labour","Male","","1973M7",6
"Ratnagiri","Field Labour","Male","","1973M8",6
"Ratnagiri","Field Labour","Male","","1973M9",6
"Ratnagiri","Field Labour","Male","","1974M1",6
"Ratnagiri","Field Labour","Male","","1974M4",6
"Ratnagiri","Field Labour","Male","","1974M5",6
"Ratnagiri","Field Labour","Male","","1974M12",6
"Ratnagiri","Field Labour","Male","","1975M3",6
"Ratnagiri","Field Labour","Male","","1975M4",6
"Ratnagiri","Field Labour","Male","","1975M6",6
"Ratnagiri","Field Labour","Male","","1977M7",6
"Ratnagiri","Field Labour","Male","","1978M4",10
"Ratnagiri","Field Labour","Male","","1978M5",10
"Ratnagiri","Field Labour","Male","","1978M6",10
"Ratnagiri","Field Labour","Male","","1978M7",10
"Ratnagiri","Field Labour","Male","","1979M12",10
"Ratnagiri","Field Labour","Male","","1980M1",10
"Ratnagiri","Field Labour","Male","","1989M5",25
"Ratnagiri","Field Labour","Male","","1989M6",25
"Ratnagiri","Field Labour","Male","","1989M8",25
"Ratnagiri","Field Labour","Male","","1989M9",25
"Ratnagiri","Field Labour","Male","","1989M10",25
"Ratnagiri","Field Labour","Male","","1989M11",35
"Ratnagiri","Field Labour","Male","","1989M12",35
"Ratnagiri","Field Labour","Male","","1990M1",35
"Ratnagiri","Field Labour","Male","","1990M3",30
"Ratnagiri","Field Labour","Male","","1990M4",30
"Ratnagiri","Field Labour","Male","","1990M5",30
"Ratnagiri","Field Labour","Male","","1990M6",30
"Ratnagiri","Field Labour","Male","","1990M7",30
"Ratnagiri","Field Labour","Male","","1990M8",30
"Ratnagiri","Field Labour","Male","","1990M9",30
"Ratnagiri","Field Labour","Male","","1990M10",30
"Ratnagiri","Field Labour","Male","","1990M11",30
"Ratnagiri","Field Labour","Male","","1990M12",30
"Ratnagiri","Field Labour","Male","","1991M4",30
"Ratnagiri","Field Labour","Male","","1991M5",30
"Ratnagiri","Field Labour","Male","","1991M6",30
"Ratnagiri","Field Labour","Male","","1991M7",30
"Ratnagiri","Field Labour","Male","","1991M8",30
"Ratnagiri","Field Labour","Male","","1991M9",30
"Ratnagiri","Field Labour","Male","","1991M10",30
"Ratnagiri","Field Labour","Male","","1991M11",30
"Ratnagiri","Field Labour","Male","","1991M12",30
"Ratnagiri","Field Labour","Male","","1992M1",30
"Ratnagiri","Field Labour","Male","","1992M2",30
"Ratnagiri","Field Labour","Male","","1992M3",30
"Ratnagiri","Field Labour","Male","","1992M4",30
"Ratnagiri","Field Labour","Male","","1992M5",30
"Ratnagiri","Field Labour","Male","","1992M6",30
"Ratnagiri","Field Labour","Male","","1992M7",40
"Ratnagiri","Field Labour","Male","","1992M8",40
"Ratnagiri","Field Labour","Male","","1992M9",40
"Ratnagiri","Field Labour","Male","","1992M10",40
"Ratnagiri","Field Labour","Male","","1992M11",40
"Ratnagiri","Field Labour","Male","","1992M12",40
"Ratnagiri","Field Labour","Male","","1993M1",40
"Ratnagiri","Field Labour","Male","","1993M2",40
"Ratnagiri","Field Labour","Male","","1993M3",40
"Ratnagiri","Field Labour","Male","","1993M4",45
"Ratnagiri","Field Labour","Male","","1993M5",45
"Ratnagiri","Field Labour","Male","","1993M6",45
"Ratnagiri","Field Labour","Male","","1993M7",25
"Ratnagiri","Field Labour","Male","","1993M8",45
"Ratnagiri","Field Labour","Male","","1993M9",45
"Ratnagiri","Field Labour","Male","","1993M11",50
"Ratnagiri","Field Labour","Male","","1993M12",50
"Ratnagiri","Field Labour","Male","","1994M1",50
"Ratnagiri","Field Labour","Male","","1994M2",50
"Ratnagiri","Field Labour","Male","","1994M3",50
"Ratnagiri","Field Labour","Male","","1994M4",50
"Ratnagiri","Field Labour","Male","","1994M5",50
"Ratnagiri","Field Labour","Male","","1994M6",50
"Ratnagiri","Field Labour","Male","","1994M7",50
"Ratnagiri","Field Labour","Male","","1994M8",50
"Ratnagiri","Field Labour","Male","","1994M9",50
"Ratnagiri","Field Labour","Male","","1994M10",45
"Ratnagiri","Field Labour","Male","","1994M11",45
"Ratnagiri","Field Labour","Male","","1994M12",45
"Ratnagiri","Field Labour","Male","","1995M1",50
"Ratnagiri","Field Labour","Male","","1995M2",50
"Ratnagiri","Field Labour","Male","","1995M3",45
"Ratnagiri","Field Labour","Male","","1995M4",45
"Ratnagiri","Field Labour","Male","","1995M5",45
"Ratnagiri","Field Labour","Male","","1995M6",45
"Ratnagiri","Field Labour","Female","","1974M12",4
"Ratnagiri","Field Labour","Female","","1975M3",4
"Ratnagiri","Field Labour","Female","","1975M4",4
"Ratnagiri","Field Labour","Female","","1975M6",4
"Ratnagiri","Field Labour","Female","","1977M7",4
"Ratnagiri","Field Labour","Female","","1978M4",5
"Ratnagiri","Field Labour","Female","","1978M5",5
"Ratnagiri","Field Labour","Female","","1978M6",5
"Ratnagiri","Field Labour","Female","","1978M7",5
"Ratnagiri","Field Labour","Female","","1979M12",5
"Ratnagiri","Field Labour","Female","","1980M1",5
"Ratnagiri","Field Labour","Female","","1989M5",10
"Ratnagiri","Field Labour","Female","","1989M6",10
"Ratnagiri","Field Labour","Female","","1989M8",12
"Ratnagiri","Field Labour","Female","","1989M9",18
"Ratnagiri","Field Labour","Female","","1989M10",20
"Ratnagiri","Field Labour","Female","","1989M11",25
"Ratnagiri","Field Labour","Female","","1989M12",25
"Ratnagiri","Field Labour","Female","","1990M1",25
"Ratnagiri","Field Labour","Female","","1990M3",20
"Ratnagiri","Field Labour","Female","","1990M4",20
"Ratnagiri","Field Labour","Female","","1990M5",20
"Ratnagiri","Field Labour","Female","","1990M6",20
"Ratnagiri","Field Labour","Female","","1992M7",25
"Ratnagiri","Field Labour","Female","","1992M8",25
"Ratnagiri","Field Labour","Female","","1992M9",25
"Ratnagiri","Field Labour","Female","","1992M10",25
"Ratnagiri","Field Labour","Female","","1992M11",25
"Ratnagiri","Field Labour","Female","","1992M12",25
"Ratnagiri","Field Labour","Female","","1993M1",25
"Ratnagiri","Field Labour","Female","","1993M2",25
"Ratnagiri","Field Labour","Female","","1993M3",25
"Ratnagiri","Field Labour","Female","","1993M4",30
"Ratnagiri","Field Labour","Female","","1993M5",30
"Ratnagiri","Field Labour","Female","","1993M6",35
"Ratnagiri","Field Labour","Female","","1993M7",15
"Ratnagiri","Field Labour","Female","","1993M8",30
"Ratnagiri","Field Labour","Female","","1993M9",35
"Ratnagiri","Field Labour","Female","","1993M11",40
"Ratnagiri","Field Labour","Female","","1993M12",40
"Ratnagiri","Field Labour","Female","","1994M1",40
"Ratnagiri","Field Labour","Female","","1994M2",40
"Ratnagiri","Field Labour","Female","","1994M3",40
"Ratnagiri","Field Labour","Female","","1994M4",40
"Ratnagiri","Field Labour","Female","","1994M5",40
"Ratnagiri","Field Labour","Female","","1994M6",40
"Ratnagiri","Field Labour","Female","","1994M7",40
"Ratnagiri","Field Labour","Female","","1994M8",40
"Ratnagiri","Field Labour","Female","","1994M9",40
"Ratnagiri","Field Labour","Female","","1994M10",30
"Ratnagiri","Field Labour","Female","","1994M11",30
"Ratnagiri","Field Labour","Female","","1994M12",30
"Ratnagiri","Field Labour","Female","","1995M1",35
"Ratnagiri","Field Labour","Female","","1995M2",35
"Ratnagiri","Field Labour","Female","","1995M3",30
"Ratnagiri","Field Labour","Female","","1995M4",30
"Ratnagiri","Field Labour","Female","","1995M5",30
"Ratnagiri","Field Labour","Female","","1995M6",30
"Ratnagiri","Carpenter","Male","","1973M7",12
"Ratnagiri","Carpenter","Male","","1973M8",12
"Ratnagiri","Carpenter","Male","","1973M9",12
"Ratnagiri","Carpenter","Male","","1974M1",12
"Ratnagiri","Carpenter","Male","","1974M4",12
"Ratnagiri","Carpenter","Male","","1974M5",12
"Ratnagiri","Carpenter","Male","","1974M12",12
"Ratnagiri","Carpenter","Male","","1975M3",12
"Ratnagiri","Carpenter","Male","","1975M4",12
"Ratnagiri","Carpenter","Male","","1975M6",12
"Ratnagiri","Carpenter","Male","","1977M7",12
"Ratnagiri","Carpenter","Male","","1978M4",12
"Ratnagiri","Carpenter","Male","","1978M5",12
"Ratnagiri","Carpenter","Male","","1978M6",12
"Ratnagiri","Carpenter","Male","","1978M7",12
"Ratnagiri","Carpenter","Male","","1979M12",12
"Ratnagiri","Carpenter","Male","","1980M1",12
"Ratnagiri","Carpenter","Male","","1989M5",30
"Ratnagiri","Carpenter","Male","","1989M6",32
"Ratnagiri","Carpenter","Male","","1989M8",35
"Ratnagiri","Carpenter","Male","","1989M9",32
"Ratnagiri","Carpenter","Male","","1989M10",32
"Ratnagiri","Carpenter","Male","","1989M11",35
"Ratnagiri","Carpenter","Male","","1989M12",35
"Ratnagiri","Carpenter","Male","","1990M1",35
"Ratnagiri","Carpenter","Male","","1990M2",40
"Ratnagiri","Carpenter","Male","","1990M3",35
"Ratnagiri","Carpenter","Male","","1990M4",35
"Ratnagiri","Carpenter","Male","","1990M5",35
"Ratnagiri","Carpenter","Male","","1990M6",35
"Ratnagiri","Carpenter","Male","","1990M7",40
"Ratnagiri","Carpenter","Male","","1990M8",40
"Ratnagiri","Carpenter","Male","","1990M9",35
"Ratnagiri","Carpenter","Male","","1990M10",35
"Ratnagiri","Carpenter","Male","","1990M11",35
"Ratnagiri","Carpenter","Male","","1990M12",60
"Ratnagiri","Carpenter","Male","","1991M4",60
"Ratnagiri","Carpenter","Male","","1991M5",60
"Ratnagiri","Carpenter","Male","","1991M6",60
"Ratnagiri","Carpenter","Male","","1991M7",60
"Ratnagiri","Carpenter","Male","","1991M8",60
"Ratnagiri","Carpenter","Male","","1991M9",60
"Ratnagiri","Carpenter","Male","","1991M10",60
"Ratnagiri","Carpenter","Male","","1991M11",60
"Ratnagiri","Carpenter","Male","","1991M12",60
"Ratnagiri","Carpenter","Male","","1992M1",60
"Ratnagiri","Carpenter","Male","","1992M2",60
"Ratnagiri","Carpenter","Male","","1992M3",60
"Ratnagiri","Carpenter","Male","","1992M4",60
"Ratnagiri","Carpenter","Male","","1992M5",60
"Ratnagiri","Carpenter","Male","","1992M6",60
"Ratnagiri","Carpenter","Male","","1992M7",60
"Ratnagiri","Carpenter","Male","","1992M8",60
"Ratnagiri","Carpenter","Male","","1992M9",60
"Ratnagiri","Carpenter","Male","","1992M10",60
"Ratnagiri","Carpenter","Male","","1992M11",60
"Ratnagiri","Carpenter","Male","","1992M12",60
"Ratnagiri","Carpenter","Male","","1993M1",60
"Ratnagiri","Carpenter","Male","","1993M2",60
"Ratnagiri","Carpenter","Male","","1993M3",60
"Ratnagiri","Carpenter","Male","","1993M4",60
"Ratnagiri","Carpenter","Male","","1993M5",60
"Ratnagiri","Carpenter","Male","","1993M6",70
"Ratnagiri","Carpenter","Male","","1993M7",40
"Ratnagiri","Carpenter","Male","","1993M8",70
"Ratnagiri","Carpenter","Male","","1993M9",70
"Ratnagiri","Carpenter","Male","","1993M11",80
"Ratnagiri","Carpenter","Male","","1993M12",80
"Ratnagiri","Carpenter","Male","","1994M1",80
"Ratnagiri","Carpenter","Male","","1994M2",80
"Ratnagiri","Carpenter","Male","","1994M3",80
"Ratnagiri","Carpenter","Male","","1994M4",80
"Ratnagiri","Carpenter","Male","","1994M5",80
"Ratnagiri","Carpenter","Male","","1994M6",80
"Nagpur","Field Labour","Male","","1973M7",4
"Nagpur","Field Labour","Male","","1973M8",4
"Nagpur","Field Labour","Male","","1973M9",4
"Nagpur","Field Labour","Male","","1973M10",4
"Nagpur","Field Labour","Male","","1973M11",4
"Nagpur","Field Labour","Male","","1973M12",4
"Nagpur","Field Labour","Male","","1974M1",4
"Nagpur","Field Labour","Male","","1974M3",4
"Nagpur","Field Labour","Male","","1974M4",4
"Nagpur","Field Labour","Male","","1974M5",4
"Nagpur","Field Labour","Male","","1974M6",4
"Nagpur","Field Labour","Male","","1974M7",4
"Nagpur","Field Labour","Male","","1974M8",4
"Nagpur","Field Labour","Male","","1974M9",4
"Nagpur","Field Labour","Male","","1974M10",4
"Nagpur","Field Labour","Male","","1974M11",4
"Nagpur","Field Labour","Male","","1974M12",4
"Nagpur","Field Labour","Male","","1975M1",4
"Nagpur","Field Labour","Male","","1975M2",4
"Nagpur","Field Labour","Male","","1975M3",4
"Nagpur","Field Labour","Male","","1975M5",4
"Nagpur","Field Labour","Male","","1975M6",4
"Nagpur","Field Labour","Male","","1975M7",4
"Nagpur","Field Labour","Male","","1975M9",4
"Nagpur","Field Labour","Male","","1975M10",4
"Nagpur","Field Labour","Male","","1975M11",4
"Nagpur","Field Labour","Male","","1976M1",3
"Nagpur","Field Labour","Male","","1976M2",3.5
"Nagpur","Field Labour","Male","","1976M3",4
"Nagpur","Field Labour","Male","","1976M4",4
"Nagpur","Field Labour","Male","","1976M5",4
"Nagpur","Field Labour","Male","","1976M6",5
"Nagpur","Field Labour","Male","","1976M7",4
"Nagpur","Field Labour","Male","","1976M8",4
"Nagpur","Field Labour","Male","","1976M9",3
"Nagpur","Field Labour","Male","","1976M10",4
"Nagpur","Field Labour","Male","","1976M11",4
"Nagpur","Field Labour","Male","","1976M12",4
"Nagpur","Field Labour","Male","","1977M1",4
"Nagpur","Field Labour","Male","","1977M2",4
"Nagpur","Field Labour","Male","","1977M4",4
"Nagpur","Field Labour","Male","","1977M5",4
"Nagpur","Field Labour","Male","","1977M6",4
"Nagpur","Field Labour","Male","","1977M7",4
"Nagpur","Field Labour","Male","","1977M8",4
"Nagpur","Field Labour","Male","","1977M9",4
"Nagpur","Field Labour","Male","","1977M10",4
"Nagpur","Field Labour","Male","","1978M2",4
"Nagpur","Field Labour","Male","","1978M3",4
"Nagpur","Field Labour","Male","","1978M4",5
"Nagpur","Field Labour","Male","","1978M5",4
"Nagpur","Field Labour","Male","","1978M6",4
"Nagpur","Field Labour","Male","","1978M7",5
"Nagpur","Field Labour","Male","","1978M10",5
"Nagpur","Field Labour","Male","","1978M11",5
"Nagpur","Field Labour","Male","","1978M12",4
"Nagpur","Field Labour","Male","","1979M1",4
"Nagpur","Field Labour","Male","","1979M2",4
"Nagpur","Field Labour","Male","","1979M3",5
"Nagpur","Field Labour","Male","","1979M4",4
"Nagpur","Field Labour","Male","","1979M5",5
"Nagpur","Field Labour","Male","","1979M6",5
"Nagpur","Field Labour","Male","","1979M7",5
"Nagpur","Field Labour","Male","","1979M8",4
"Nagpur","Field Labour","Male","","1979M9",4
"Nagpur","Field Labour","Male","","1979M10",5
"Nagpur","Field Labour","Male","","1979M11",5
"Nagpur","Field Labour","Male","","1979M12",5
"Nagpur","Field Labour","Male","","1980M1",5
"Nagpur","Field Labour","Male","","1980M2",5
"Nagpur","Field Labour","Male","","1980M3",5
"Nagpur","Field Labour","Male","","1980M4",5
"Nagpur","Field Labour","Male","","1980M5",5
"Nagpur","Field Labour","Male","","1980M6",5
"Nagpur","Field Labour","Male","","1980M7",5
"Nagpur","Field Labour","Male","","1980M8",4
"Nagpur","Field Labour","Male","","1980M9",5
"Nagpur","Field Labour","Male","","1980M10",4
"Nagpur","Field Labour","Male","","1980M12",5
"Nagpur","Field Labour","Male","","1981M1",5
"Nagpur","Field Labour","Male","","1981M2",5
"Nagpur","Field Labour","Male","","1981M3",5
"Nagpur","Field Labour","Male","","1981M4",5
"Nagpur","Field Labour","Male","","1981M5",5
"Nagpur","Field Labour","Male","","1981M6",6
"Nagpur","Field Labour","Male","","1981M7",6
"Nagpur","Field Labour","Male","","1981M8",6
"Nagpur","Field Labour","Male","","1981M9",6
"Nagpur","Field Labour","Male","","1981M10",6
"Nagpur","Field Labour","Male","","1981M11",8
"Nagpur","Field Labour","Male","","1981M12",8
"Nagpur","Field Labour","Male","","1982M1",6
"Nagpur","Field Labour","Male","","1982M2",6
"Nagpur","Field Labour","Male","","1982M3",6
"Nagpur","Field Labour","Male","","1982M4",6
"Nagpur","Field Labour","Male","","1982M5",6
"Nagpur","Field Labour","Male","","1982M6",8
"Nagpur","Field Labour","Male","","1982M7",8
"Nagpur","Field Labour","Male","","1982M8",8
"Nagpur","Field Labour","Male","","1982M9",8
"Nagpur","Field Labour","Male","","1982M10",6
"Nagpur","Field Labour","Male","","1982M11",8
"Nagpur","Field Labour","Male","","1982M12",8
"Nagpur","Field Labour","Male","","1983M1",8
"Nagpur","Field Labour","Male","","1983M2",6
"Nagpur","Field Labour","Male","","1983M3",6
"Nagpur","Field Labour","Male","","1983M4",6
"Nagpur","Field Labour","Male","","1983M5",8
"Nagpur","Field Labour","Male","","1983M6",10
"Nagpur","Field Labour","Male","","1983M7",10
"Nagpur","Field Labour","Male","","1983M9",8
"Nagpur","Field Labour","Male","","1983M10",8
"Nagpur","Field Labour","Male","","1983M11",8
"Nagpur","Field Labour","Male","","1983M12",8
"Nagpur","Field Labour","Male","","1984M1",8
"Nagpur","Field Labour","Male","","1984M2",8
"Nagpur","Field Labour","Male","","1984M3",10
"Nagpur","Field Labour","Male","","1984M4",10
"Nagpur","Field Labour","Male","","1984M5",10
"Nagpur","Field Labour","Male","","1984M6",10
"Nagpur","Field Labour","Male","","1984M7",10
"Nagpur","Field Labour","Male","","1985M6",12
"Nagpur","Field Labour","Male","","1985M7",12
"Nagpur","Field Labour","Male","","1985M8",12
"Nagpur","Field Labour","Male","","1985M9",12
"Nagpur","Field Labour","Male","","1985M10",15
"Nagpur","Field Labour","Male","","1985M11",15
"Nagpur","Field Labour","Male","","1985M12",15
"Nagpur","Field Labour","Male","","1986M1",15
"Nagpur","Field Labour","Male","","1986M2",15
"Nagpur","Field Labour","Male","","1986M3",15
"Nagpur","Field Labour","Male","","1986M5",15
"Nagpur","Field Labour","Male","","1986M7",15
"Nagpur","Field Labour","Male","","1986M8",15
"Nagpur","Field Labour","Male","","1986M10",15
"Nagpur","Field Labour","Male","","1986M12",15
"Nagpur","Field Labour","Male","","1987M1",15
"Nagpur","Field Labour","Male","","1987M2",15
"Nagpur","Field Labour","Male","","1987M3",15
"Nagpur","Field Labour","Male","","1987M7",10
"Nagpur","Field Labour","Male","","1987M8",10
"Nagpur","Field Labour","Male","","1987M9",10
"Nagpur","Field Labour","Male","","1987M10",10
"Nagpur","Field Labour","Male","","1987M11",10
"Nagpur","Field Labour","Male","","1987M12",10
"Nagpur","Field Labour","Male","","1988M1",10
"Nagpur","Field Labour","Male","","1988M2",10
"Nagpur","Field Labour","Male","","1988M3",10
"Nagpur","Field Labour","Male","","1988M4",10
"Nagpur","Field Labour","Male","","1988M5",10
"Nagpur","Field Labour","Male","","1988M6",10
"Nagpur","Field Labour","Male","","1988M7",10
"Nagpur","Field Labour","Male","","1988M8",10
"Nagpur","Field Labour","Male","","1988M9",10
"Nagpur","Field Labour","Male","","1988M10",10
"Nagpur","Field Labour","Male","","1988M11",10
"Nagpur","Field Labour","Male","","1988M12",10
"Nagpur","Field Labour","Male","","1989M1",10
"Nagpur","Field Labour","Male","","1989M2",15
"Nagpur","Field Labour","Male","","1989M3",15
"Nagpur","Field Labour","Male","","1989M4",15
"Nagpur","Field Labour","Male","","1989M5",15
"Nagpur","Field Labour","Male","","1989M6",15
"Nagpur","Field Labour","Male","","1989M7",15
"Nagpur","Field Labour","Male","","1989M8",15
"Nagpur","Field Labour","Male","","1989M9",15
"Nagpur","Field Labour","Male","","1989M10",15
"Nagpur","Field Labour","Male","","1989M11",15
"Nagpur","Field Labour","Male","","1989M12",15
"Nagpur","Field Labour","Male","","1990M1",15
"Nagpur","Field Labour","Male","","1990M2",15
"Nagpur","Field Labour","Male","","1990M3",15
"Nagpur","Field Labour","Male","","1990M4",15
"Nagpur","Field Labour","Male","","1990M5",15
"Nagpur","Field Labour","Male","","1990M6",15
"Nagpur","Field Labour","Male","","1990M7",15
"Nagpur","Field Labour","Male","","1990M8",15
"Nagpur","Field Labour","Male","","1990M9",20
"Nagpur","Field Labour","Male","","1990M10",20
"Nagpur","Field Labour","Male","","1990M11",20
"Nagpur","Field Labour","Male","","1990M12",20
"Nagpur","Field Labour","Male","","1991M1",20
"Nagpur","Field Labour","Male","","1991M2",20
"Nagpur","Field Labour","Male","","1991M7",25
"Nagpur","Field Labour","Male","","1991M8",25
"Nagpur","Field Labour","Male","","1991M9",30
"Nagpur","Field Labour","Male","","1991M10",30
"Nagpur","Field Labour","Male","","1991M11",30
"Nagpur","Field Labour","Male","","1991M12",30
"Nagpur","Field Labour","Male","","1992M1",30
"Nagpur","Field Labour","Male","","1992M2",30
"Nagpur","Field Labour","Male","","1992M3",30
"Nagpur","Field Labour","Male","","1992M4",30
"Nagpur","Field Labour","Male","","1992M5",30
"Nagpur","Field Labour","Male","","1992M6",30
"Nagpur","Field Labour","Male","","1992M7",30
"Nagpur","Field Labour","Male","","1992M8",30
"Nagpur","Field Labour","Male","","1992M9",30
"Nagpur","Field Labour","Male","","1992M10",30
"Nagpur","Field Labour","Male","","1992M11",30
"Nagpur","Field Labour","Male","","1992M12",30
"Nagpur","Field Labour","Male","","1993M1",30
"Nagpur","Field Labour","Male","","1993M2",30
"Nagpur","Field Labour","Male","","1993M3",30
"Nagpur","Field Labour","Male","","1993M4",30
"Nagpur","Field Labour","Male","","1993M5",30
"Nagpur","Field Labour","Male","","1993M6",30
"Nagpur","Field Labour","Male","","1993M7",30
"Nagpur","Field Labour","Male","","1993M8",30
"Nagpur","Field Labour","Male","","1993M9",30
"Nagpur","Field Labour","Male","","1993M10",30
"Nagpur","Field Labour","Male","","1993M11",35
"Nagpur","Field Labour","Male","","1993M12",30
"Nagpur","Field Labour","Male","","1994M1",30
"Nagpur","Field Labour","Male","","1994M2",30
"Nagpur","Field Labour","Male","","1994M3",25
"Nagpur","Field Labour","Male","","1994M4",25
"Nagpur","Field Labour","Male","","1994M5",25
"Nagpur","Field Labour","Male","","1994M6",25
"Nagpur","Field Labour","Male","","1994M7",40
"Nagpur","Field Labour","Male","","1994M8",35
"Nagpur","Field Labour","Male","","1994M9",35
"Nagpur","Field Labour","Male","","1994M10",45
"Nagpur","Field Labour","Male","","1994M11",40
"Nagpur","Field Labour","Male","","1994M12",40
"Nagpur","Field Labour","Male","","1995M1",40
"Nagpur","Field Labour","Male","","1995M2",40
"Nagpur","Field Labour","Male","","1995M3",40
"Nagpur","Field Labour","Male","","1995M4",35
"Nagpur","Field Labour","Male","","1995M5",35
"Nagpur","Field Labour","Male","","1995M6",35
"Nagpur","Field Labour","Female","","1973M7",2
"Nagpur","Field Labour","Female","","1973M8",2
"Nagpur","Field Labour","Female","","1973M9",2
"Nagpur","Field Labour","Female","","1973M10",2
"Nagpur","Field Labour","Female","","1973M11",2
"Nagpur","Field Labour","Female","","1973M12",2
"Nagpur","Field Labour","Female","","1974M1",2
"Nagpur","Field Labour","Female","","1974M3",2
"Nagpur","Field Labour","Female","","1974M4",2
"Nagpur","Field Labour","Female","","1974M5",2
"Nagpur","Field Labour","Female","","1974M6",2
"Nagpur","Field Labour","Female","","1974M7",2
"Nagpur","Field Labour","Female","","1974M8",2
"Nagpur","Field Labour","Female","","1974M9",2
"Nagpur","Field Labour","Female","","1974M10",2
"Nagpur","Field Labour","Female","","1974M11",2
"Nagpur","Field Labour","Female","","1974M12",2
"Nagpur","Field Labour","Female","","1975M1",2
"Nagpur","Field Labour","Female","","1975M2",2
"Nagpur","Field Labour","Female","","1975M3",2
"Nagpur","Field Labour","Female","","1975M5",2
"Nagpur","Field Labour","Female","","1975M6",2
"Nagpur","Field Labour","Female","","1975M7",2.5
"Nagpur","Field Labour","Female","","1975M9",2
"Nagpur","Field Labour","Female","","1975M10",2
"Nagpur","Field Labour","Female","","1975M11",2
"Nagpur","Field Labour","Female","","1976M1",1.5
"Nagpur","Field Labour","Female","","1976M2",1.5
"Nagpur","Field Labour","Female","","1976M3",2
"Nagpur","Field Labour","Female","","1976M4",2
"Nagpur","Field Labour","Female","","1976M5",2
"Nagpur","Field Labour","Female","","1976M6",2.5
"Nagpur","Field Labour","Female","","1976M7",1.5
"Nagpur","Field Labour","Female","","1976M8",1.25
"Nagpur","Field Labour","Female","","1976M9",1.5
"Nagpur","Field Labour","Female","","1976M10",1.5
"Nagpur","Field Labour","Female","","1976M11",3
"Nagpur","Field Labour","Female","","1976M12",1.5
"Nagpur","Field Labour","Female","","1977M1",1.5
"Nagpur","Field Labour","Female","","1977M2",1.5
"Nagpur","Field Labour","Female","","1977M4",2
"Nagpur","Field Labour","Female","","1977M5",2
"Nagpur","Field Labour","Female","","1977M6",2
"Nagpur","Field Labour","Female","","1977M7",2
"Nagpur","Field Labour","Female","","1977M8",2
"Nagpur","Field Labour","Female","","1977M9",2
"Nagpur","Field Labour","Female","","1977M10",2
"Nagpur","Field Labour","Female","","1978M2",2
"Nagpur","Field Labour","Female","","1978M3",2
"Nagpur","Field Labour","Female","","1978M4",2
"Nagpur","Field Labour","Female","","1978M5",2
"Nagpur","Field Labour","Female","","1978M6",2
"Nagpur","Field Labour","Female","","1978M7",2.5
"Nagpur","Field Labour","Female","","1978M10",3
"Nagpur","Field Labour","Female","","1978M11",3
"Nagpur","Field Labour","Female","","1978M12",2
"Nagpur","Field Labour","Female","","1979M1",2
"Nagpur","Field Labour","Female","","1979M2",2.5
"Nagpur","Field Labour","Female","","1979M3",2.5
"Nagpur","Field Labour","Female","","1979M4",2
"Nagpur","Field Labour","Female","","1979M5",2.5
"Nagpur","Field Labour","Female","","1979M6",3
"Nagpur","Field Labour","Female","","1979M7",3
"Nagpur","Field Labour","Female","","1979M8",2
"Nagpur","Field Labour","Female","","1979M9",2
"Nagpur","Field Labour","Female","","1979M10",2.5
"Nagpur","Field Labour","Female","","1979M11",3
"Nagpur","Field Labour","Female","","1979M12",2
"Nagpur","Field Labour","Female","","1980M1",2
"Nagpur","Field Labour","Female","","1980M2",2
"Nagpur","Field Labour","Female","","1980M3",2
"Nagpur","Field Labour","Female","","1980M4",3
"Nagpur","Field Labour","Female","","1980M5",2
"Nagpur","Field Labour","Female","","1980M6",3
"Nagpur","Field Labour","Female","","1980M7",2.5
"Nagpur","Field Labour","Female","","1980M8",2.5
"Nagpur","Field Labour","Female","","1980M9",2
"Nagpur","Field Labour","Female","","1980M10",2
"Nagpur","Field Labour","Female","","1980M12",2.5
"Nagpur","Field Labour","Female","","1981M1",2.5
"Nagpur","Field Labour","Female","","1981M2",2.5
"Nagpur","Field Labour","Female","","1981M3",2.5
"Nagpur","Field Labour","Female","","1981M4",2.5
"Nagpur","Field Labour","Female","","1981M5",3
"Nagpur","Field Labour","Female","","1981M6",3
"Nagpur","Field Labour","Female","","1981M7",4
"Nagpur","Field Labour","Female","","1981M8",3
"Nagpur","Field Labour","Female","","1981M9",3
"Nagpur","Field Labour","Female","","1981M10",3
"Nagpur","Field Labour","Female","","1981M11",5
"Nagpur","Field Labour","Female","","1981M12",5
"Nagpur","Field Labour","Female","","1982M1",4
"Nagpur","Field Labour","Female","","1982M2",4
"Nagpur","Field Labour","Female","","1982M3",4
"Nagpur","Field Labour","Female","","1982M4",4
"Nagpur","Field Labour","Female","","1982M5",4
"Nagpur","Field Labour","Female","","1982M6",5
"Nagpur","Field Labour","Female","","1982M7",5
"Nagpur","Field Labour","Female","","1982M8",5
"Nagpur","Field Labour","Female","","1982M9",5
"Nagpur","Field Labour","Female","","1982M10",3
"Nagpur","Field Labour","Female","","1982M11",5
"Nagpur","Field Labour","Female","","1982M12",5
"Nagpur","Field Labour","Female","","1983M1",5
"Nagpur","Field Labour","Female","","1983M2",5
"Nagpur","Field Labour","Female","","1983M3",5
"Nagpur","Field Labour","Female","","1983M4",5
"Nagpur","Field Labour","Female","","1983M5",4
"Nagpur","Field Labour","Female","","1983M6",6
"Nagpur","Field Labour","Female","","1983M7",6
"Nagpur","Field Labour","Female","","1983M9",5
"Nagpur","Field Labour","Female","","1983M10",5
"Nagpur","Field Labour","Female","","1983M11",5
"Nagpur","Field Labour","Female","","1983M12",5
"Nagpur","Field Labour","Female","","1984M1",5
"Nagpur","Field Labour","Female","","1984M2",5
"Nagpur","Field Labour","Female","","1984M3",6
"Nagpur","Field Labour","Female","","1984M4",6
"Nagpur","Field Labour","Female","","1984M5",6
"Nagpur","Field Labour","Female","","1984M6",6
"Nagpur","Field Labour","Female","","1984M7",6
"Nagpur","Field Labour","Female","","1985M6",6
"Nagpur","Field Labour","Female","","1985M7",8
"Nagpur","Field Labour","Female","","1985M8",8
"Nagpur","Field Labour","Female","","1985M9",8
"Nagpur","Field Labour","Female","","1985M10",9
"Nagpur","Field Labour","Female","","1985M11",9
"Nagpur","Field Labour","Female","","1985M12",9
"Nagpur","Field Labour","Female","","1986M1",9
"Nagpur","Field Labour","Female","","1986M2",9
"Nagpur","Field Labour","Female","","1986M3",9
"Nagpur","Field Labour","Female","","1986M5",9
"Nagpur","Field Labour","Female","","1986M7",10
"Nagpur","Field Labour","Female","","1986M8",10
"Nagpur","Field Labour","Female","","1986M10",10
"Nagpur","Field Labour","Female","","1986M12",10
"Nagpur","Field Labour","Female","","1987M1",10
"Nagpur","Field Labour","Female","","1987M2",10
"Nagpur","Field Labour","Female","","1987M3",10
"Nagpur","Field Labour","Female","","1987M7",5
"Nagpur","Field Labour","Female","","1987M8",5
"Nagpur","Field Labour","Female","","1987M9",5
"Nagpur","Field Labour","Female","","1987M10",5
"Nagpur","Field Labour","Female","","1987M11",5
"Nagpur","Field Labour","Female","","1987M12",5
"Nagpur","Field Labour","Female","","1988M1",5
"Nagpur","Field Labour","Female","","1988M2",5
"Nagpur","Field Labour","Female","","1988M3",5
"Nagpur","Field Labour","Female","","1988M4",5
"Nagpur","Field Labour","Female","","1988M5",5
"Nagpur","Field Labour","Female","","1988M6",5
"Nagpur","Field Labour","Female","","1988M7",6
"Nagpur","Field Labour","Female","","1988M8",6
"Nagpur","Field Labour","Female","","1988M9",6
"Nagpur","Field Labour","Female","","1988M10",6
"Nagpur","Field Labour","Female","","1988M11",6
"Nagpur","Field Labour","Female","","1988M12",6
"Nagpur","Field Labour","Female","","1989M1",6
"Nagpur","Field Labour","Female","","1989M2",8
"Nagpur","Field Labour","Female","","1989M3",8
"Nagpur","Field Labour","Female","","1989M4",8
"Nagpur","Field Labour","Female","","1989M5",10
"Nagpur","Field Labour","Female","","1989M6",10
"Nagpur","Field Labour","Female","","1989M7",8
"Nagpur","Field Labour","Female","","1989M8",8
"Nagpur","Field Labour","Female","","1989M9",8
"Nagpur","Field Labour","Female","","1989M10",8
"Nagpur","Field Labour","Female","","1989M11",8
"Nagpur","Field Labour","Female","","1989M12",10
"Nagpur","Field Labour","Female","","1990M1",10
"Nagpur","Field Labour","Female","","1990M2",10
"Nagpur","Field Labour","Female","","1990M3",10
"Nagpur","Field Labour","Female","","1990M4",10
"Nagpur","Field Labour","Female","","1990M5",10
"Nagpur","Field Labour","Female","","1990M6",10
"Nagpur","Field Labour","Female","","1990M7",10
"Nagpur","Field Labour","Female","","1990M8",10
"Nagpur","Field Labour","Female","","1990M9",10
"Nagpur","Field Labour","Female","","1990M10",10
"Nagpur","Field Labour","Female","","1990M11",10
"Nagpur","Field Labour","Female","","1990M12",10
"Nagpur","Field Labour","Female","","1991M1",10
"Nagpur","Field Labour","Female","","1991M2",10
"Nagpur","Field Labour","Female","","1991M7",17
"Nagpur","Field Labour","Female","","1991M8",16
"Nagpur","Field Labour","Female","","1991M9",20
"Nagpur","Field Labour","Female","","1991M10",20
"Nagpur","Field Labour","Female","","1991M11",20
"Nagpur","Field Labour","Female","","1991M12",20
"Nagpur","Field Labour","Female","","1992M1",20
"Nagpur","Field Labour","Female","","1992M2",20
"Nagpur","Field Labour","Female","","1992M3",20
"Nagpur","Field Labour","Female","","1992M4",20
"Nagpur","Field Labour","Female","","1992M5",20
"Nagpur","Field Labour","Female","","1992M6",20
"Nagpur","Field Labour","Female","","1992M7",25
"Nagpur","Field Labour","Female","","1992M8",25
"Nagpur","Field Labour","Female","","1992M9",25
"Nagpur","Field Labour","Female","","1992M10",25
"Nagpur","Field Labour","Female","","1992M11",25
"Nagpur","Field Labour","Female","","1992M12",25
"Nagpur","Field Labour","Female","","1993M1",25
"Nagpur","Field Labour","Female","","1993M2",25
"Nagpur","Field Labour","Female","","1993M3",25
"Nagpur","Field Labour","Female","","1993M4",25
"Nagpur","Field Labour","Female","","1993M5",25
"Nagpur","Field Labour","Female","","1993M6",25
"Nagpur","Field Labour","Female","","1993M7",25
"Nagpur","Field Labour","Female","","1993M8",25
"Nagpur","Field Labour","Female","","1993M9",20
"Nagpur","Field Labour","Female","","1993M10",20
"Nagpur","Field Labour","Female","","1993M11",20
"Nagpur","Field Labour","Female","","1993M12",20
"Nagpur","Field Labour","Female","","1994M1",20
"Nagpur","Field Labour","Female","","1994M2",20
"Nagpur","Field Labour","Female","","1994M3",20
"Nagpur","Field Labour","Female","","1994M4",20
"Nagpur","Field Labour","Female","","1994M5",20
"Nagpur","Field Labour","Female","","1994M6",20
"Nagpur","Field Labour","Female","","1994M7",25
"Nagpur","Field Labour","Female","","1994M8",20
"Nagpur","Field Labour","Female","","1994M9",30
"Nagpur","Field Labour","Female","","1994M10",35
"Nagpur","Field Labour","Female","","1994M11",35
"Nagpur","Field Labour","Female","","1994M12",35
"Nagpur","Field Labour","Female","","1995M1",35
"Nagpur","Field Labour","Female","","1995M2",35
"Nagpur","Field Labour","Female","","1995M3",35
"Nagpur","Field Labour","Female","","1995M4",30
"Nagpur","Field Labour","Female","","1995M5",30
"Nagpur","Field Labour","Female","","1995M6",30
"Nagpur","Carpenter","Male","","1973M7",6
"Nagpur","Carpenter","Male","","1973M8",6
"Nagpur","Carpenter","Male","","1973M9",6
"Nagpur","Carpenter","Male","","1973M10",6
"Nagpur","Carpenter","Male","","1973M11",6
"Nagpur","Carpenter","Male","","1973M12",6
"Nagpur","Carpenter","Male","","1974M1",6
"Nagpur","Carpenter","Male","","1974M3",8
"Nagpur","Carpenter","Male","","1974M4",8
"Nagpur","Carpenter","Male","","1974M5",8
"Nagpur","Carpenter","Male","","1974M6",8
"Nagpur","Carpenter","Male","","1974M7",8
"Nagpur","Carpenter","Male","","1974M8",8
"Nagpur","Carpenter","Male","","1974M9",8
"Nagpur","Carpenter","Male","","1974M10",8
"Nagpur","Carpenter","Male","","1974M11",8
"Nagpur","Carpenter","Male","","1974M12",8
"Nagpur","Carpenter","Male","","1975M1",8
"Nagpur","Carpenter","Male","","1975M2",8
"Nagpur","Carpenter","Male","","1975M3",8
"Nagpur","Carpenter","Male","","1975M5",8
"Nagpur","Carpenter","Male","","1975M6",9
"Nagpur","Carpenter","Male","","1975M7",10
"Nagpur","Carpenter","Male","","1975M9",10
"Nagpur","Carpenter","Male","","1975M10",12
"Nagpur","Carpenter","Male","","1975M11",10
"Nagpur","Carpenter","Male","","1976M1",10
"Nagpur","Carpenter","Male","","1976M2",8
"Nagpur","Carpenter","Male","","1976M3",10
"Nagpur","Carpenter","Male","","1976M4",10
"Nagpur","Carpenter","Male","","1976M5",10
"Nagpur","Carpenter","Male","","1976M6",10
"Nagpur","Carpenter","Male","","1976M7",8
"Nagpur","Carpenter","Male","","1976M8",10
"Nagpur","Carpenter","Male","","1976M9",10
"Nagpur","Carpenter","Male","","1976M10",10
"Nagpur","Carpenter","Male","","1976M11",10
"Nagpur","Carpenter","Male","","1976M12",10
"Nagpur","Carpenter","Male","","1977M1",10
"Nagpur","Carpenter","Male","","1977M2",10
"Nagpur","Carpenter","Male","","1977M4",10
"Nagpur","Carpenter","Male","","1977M5",10
"Nagpur","Carpenter","Male","","1977M6",10
"Nagpur","Carpenter","Male","","1977M7",10
"Nagpur","Carpenter","Male","","1977M8",10
"Nagpur","Carpenter","Male","","1977M9",10
"Nagpur","Carpenter","Male","","1977M10",10
"Nagpur","Carpenter","Male","","1978M2",10
"Nagpur","Carpenter","Male","","1978M3",10
"Nagpur","Carpenter","Male","","1978M4",10
"Nagpur","Carpenter","Male","","1978M5",10
"Nagpur","Carpenter","Male","","1978M6",10
"Nagpur","Carpenter","Male","","1978M7",10
"Nagpur","Carpenter","Male","","1978M10",10
"Nagpur","Carpenter","Male","","1978M11",10
"Nagpur","Carpenter","Male","","1978M12",10
"Nagpur","Carpenter","Male","","1979M1",10
"Nagpur","Carpenter","Male","","1979M2",10
"Nagpur","Carpenter","Male","","1979M3",10
"Nagpur","Carpenter","Male","","1979M4",10
"Nagpur","Carpenter","Male","","1979M5",10
"Nagpur","Carpenter","Male","","1979M6",10
"Nagpur","Carpenter","Male","","1985M7",30
"Nagpur","Carpenter","Male","","1985M8",30
"Nagpur","Carpenter","Male","","1985M9",30
"Nagpur","Carpenter","Male","","1985M10",30
"Nagpur","Carpenter","Male","","1985M11",30
"Nagpur","Carpenter","Male","","1985M12",30
"Nagpur","Carpenter","Male","","1986M1",30
"Nagpur","Carpenter","Male","","1986M2",30
"Nagpur","Carpenter","Male","","1986M3",30
"Nagpur","Carpenter","Male","","1986M5",30
"Nagpur","Carpenter","Male","","1986M7",30
"Nagpur","Carpenter","Male","","1986M8",30
"Nagpur","Carpenter","Male","","1986M10",30
"Nagpur","Carpenter","Male","","1986M12",30
"Nagpur","Carpenter","Male","","1987M1",30
"Nagpur","Carpenter","Male","","1987M2",30
"Nagpur","Carpenter","Male","","1987M3",30
"Nagpur","Carpenter","Male","","1987M7",35
"Nagpur","Carpenter","Male","","1987M8",35
"Nagpur","Carpenter","Male","","1987M9",35
"Nagpur","Carpenter","Male","","1987M10",35
"Nagpur","Carpenter","Male","","1987M11",35
"Nagpur","Carpenter","Male","","1987M12",35
"Nagpur","Carpenter","Male","","1988M1",35
"Nagpur","Carpenter","Male","","1988M2",35
"Nagpur","Carpenter","Male","","1988M3",35
"Nagpur","Carpenter","Male","","1988M4",35
"Nagpur","Carpenter","Male","","1988M5",35
"Nagpur","Carpenter","Male","","1988M6",35
"Nagpur","Carpenter","Male","","1988M7",35
"Nagpur","Carpenter","Male","","1988M8",35
"Nagpur","Carpenter","Male","","1988M9",35
"Nagpur","Carpenter","Male","","1988M10",35
"Nagpur","Carpenter","Male","","1988M11",35
"Nagpur","Carpenter","Male","","1988M12",35
"Nagpur","Carpenter","Male","","1989M1",35
"Nagpur","Carpenter","Male","","1989M2",40
"Nagpur","Carpenter","Male","","1989M3",40
"Nagpur","Carpenter","Male","","1989M4",40
"Nagpur","Carpenter","Male","","1989M5",40
"Nagpur","Carpenter","Male","","1989M6",45
"Nagpur","Carpenter","Male","","1989M7",40
"Nagpur","Carpenter","Male","","1989M8",40
"Nagpur","Carpenter","Male","","1989M9",40
"Nagpur","Carpenter","Male","","1989M10",40
"Nagpur","Carpenter","Male","","1989M11",40
"Nagpur","Carpenter","Male","","1989M12",45
"Nagpur","Carpenter","Male","","1990M1",45
"Nagpur","Carpenter","Male","","1990M2",45
"Nagpur","Carpenter","Male","","1990M3",45
"Nagpur","Carpenter","Male","","1990M4",45
"Nagpur","Carpenter","Male","","1990M5",45
"Nagpur","Carpenter","Male","","1990M6",45
"Nagpur","Carpenter","Male","","1990M7",45
"Nagpur","Carpenter","Male","","1990M8",45
"Nagpur","Carpenter","Male","","1990M9",50
"Nagpur","Carpenter","Male","","1990M10",50
"Nagpur","Carpenter","Male","","1990M11",50
"Nagpur","Carpenter","Male","","1990M12",50
"Nagpur","Carpenter","Male","","1991M1",50
"Nagpur","Carpenter","Male","","1991M7",50
"Nagpur","Carpenter","Male","","1991M8",50
"Nagpur","Carpenter","Male","","1991M9",50
"Nagpur","Carpenter","Male","","1991M10",50
"Nagpur","Carpenter","Male","","1991M11",50
"Nagpur","Carpenter","Male","","1991M12",50
"Nagpur","Carpenter","Male","","1992M1",50
"Nagpur","Carpenter","Male","","1992M2",50
"Nagpur","Carpenter","Male","","1992M3",50
"Nagpur","Carpenter","Male","","1992M4",50
"Nagpur","Carpenter","Male","","1992M5",50
"Nagpur","Carpenter","Male","","1992M6",50
"Nagpur","Carpenter","Male","","1992M7",50
"Nagpur","Carpenter","Male","","1992M8",50
"Nagpur","Carpenter","Male","","1992M9",50
"Nagpur","Carpenter","Male","","1992M10",50
"Nagpur","Carpenter","Male","","1992M11",50
"Nagpur","Carpenter","Male","","1992M12",50
"Nagpur","Carpenter","Male","","1993M1",50
"Nagpur","Carpenter","Male","","1993M2",50
"Nagpur","Carpenter","Male","","1993M3",50
"Nagpur","Carpenter","Male","","1993M4",50
"Nagpur","Carpenter","Male","","1993M5",50
"Nagpur","Carpenter","Male","","1993M6",50
"Nagpur","Carpenter","Male","","1993M7",50
"Nagpur","Carpenter","Male","","1993M8",50
"Nagpur","Carpenter","Male","","1993M9",50
"Nagpur","Carpenter","Male","","1993M10",50
"Nagpur","Carpenter","Male","","1993M11",50
"Nagpur","Carpenter","Male","","1993M12",50
"Nagpur","Carpenter","Male","","1994M1",50
"Nagpur","Carpenter","Male","","1994M2",50
"Nagpur","Carpenter","Male","","1994M3",50
"Nagpur","Carpenter","Male","","1994M4",50
"Nagpur","Carpenter","Male","","1994M5",60
"Nagpur","Carpenter","Male","","1994M6",60
"Latur","Field Labour","Male","","1973M7",5
"Latur","Field Labour","Male","","1973M8",4
"Latur","Field Labour","Male","","1973M9",4
"Latur","Field Labour","Male","","1973M12",4
"Latur","Field Labour","Male","","1974M1",4
"Latur","Field Labour","Male","","1974M3",4
"Latur","Field Labour","Male","","1974M4",4
"Latur","Field Labour","Male","","1974M6",4
"Latur","Field Labour","Male","","1983M1",7.5
"Latur","Field Labour","Male","","1983M2",7.5
"Latur","Field Labour","Male","","1983M3",7.5
"Latur","Field Labour","Male","","1983M5",7.5
"Latur","Field Labour","Male","","1984M2",10
"Latur","Field Labour","Male","","1984M3",10
"Latur","Field Labour","Male","","1990M3",15
"Latur","Field Labour","Male","","1990M4",15
"Latur","Field Labour","Male","","1990M5",15
"Latur","Field Labour","Male","","1990M6",15
"Latur","Field Labour","Male","","1990M7",18
"Latur","Field Labour","Male","","1990M8",18
"Latur","Field Labour","Male","","1990M9",18
"Latur","Field Labour","Male","","1990M10",18
"Latur","Field Labour","Male","","1990M11",18
"Latur","Field Labour","Male","","1990M12",18
"Latur","Field Labour","Male","","1991M2",18
"Latur","Field Labour","Male","","1992M2",20
"Latur","Field Labour","Male","","1992M3",20
"Latur","Field Labour","Male","","1993M1",22
"Latur","Field Labour","Male","","1993M3",22
"Latur","Field Labour","Male","","1993M4",25
"Latur","Field Labour","Male","","1993M5",25.2
"Latur","Carpenter","Male","","1983M1",10
"Latur","Carpenter","Male","","1983M2",10
"Latur","Carpenter","Male","","1983M3",10
"Latur","Carpenter","Male","","1983M4",10
"Latur","Carpenter","Male","","1983M5",10
"Latur","Carpenter","Male","","1984M2",15
"Latur","Carpenter","Male","","1984M3",15
"Latur","Carpenter","Male","","1990M3",35
"Latur","Carpenter","Male","","1990M4",35
"Latur","Carpenter","Male","","1990M5",35
"Latur","Carpenter","Male","","1990M6",35
"Latur","Carpenter","Male","","1990M7",40
"Latur","Carpenter","Male","","1990M8",40
"Latur","Carpenter","Male","","1990M9",40
"Latur","Carpenter","Male","","1990M10",40
"Latur","Carpenter","Male","","1990M11",40
"Latur","Carpenter","Male","","1990M12",40
"Latur","Carpenter","Male","","1991M2",40
"Latur","Carpenter","Male","","1992M2",40
"Latur","Carpenter","Male","","1992M3",40
"Latur","Carpenter","Male","","1993M1",40
"Latur","Carpenter","Male","","1993M3",45
"Latur","Carpenter","Male","","1993M4",45
"Latur","Carpenter","Male","","1993M5",45
